,bitmap_01,bitmap_02,bitmap_03,bitmap_05,bitmap_07,bitmap_08,bitmap_09,bitmap_10,bitmap_11,bitmap_12,bitmap_13,bitmap_14,bitmap_15,bitmap_16,bitmap_17,bitmap_18,bitmap_19,bitmap_20,bitmap_21,bitmap_22,bitmap_23,bitmap_24,bitmap_25
tar_7,0.005416042851959704,0.07691949002633601,0.0016280045725068225,0.009040272944990563,0.021767122144085556,0.022600778334717877,0.005682938577694111,0.0012348970934358914,0.005462401732179832,0.0015217719588051647,0.0012410807498960104,0.00010498280583293856,0.0009855042877425979,0.023661738830151723,0.000538183969318984,0.00070345044334216,0.001580183262465629,0.007138090405846426,0.003177536502479479,0.06396496862096876,0.009018818260894323,0.1132669038199813,0.6233448378043681
tar_8,0.006025649067898294,0.09526143539291931,0.006201984913282805,0.024947346876385102,0.11335019087857667,0.034752973287712825,0.009588756604798005,0.005666128188451763,2.2355764347728118e-05,0.003520385538364771,0.005625210641136727,3.849175055728171e-05,0.0019717666337946715,0.011534934380770764,0.0025659883644175473,0.029655580281916272,0.03434292022515888,8.680144469285467e-05,0.03225340983656899,0.10824076659928605,0.007873850746115017,0.1363702409213363,0.3301028316615114
tar_9,0.07803568594908265,0.24628359638744604,0.05667804592971774,0.03979198819633038,0.0739297554286689,0.046502858251198056,0.011930491092691573,0.014779773588356934,7.738546499625567e-06,7.738546499625567e-06,0.0027692549081877894,0.02278592740441444,0.0017145446405341484,0.01081558383421414,0.0009555747468346364,0.01291782323995327,0.00301652083231715,0.00040937603619221495,4.2765227470063674e-05,0.24308209643108492,0.03448001354857637,0.05152210845889251,0.047540738774836916
tar_10,0.040770465464285865,0.21364627629585134,0.03961740470044144,0.051978430169844825,0.10977096637528576,0.030293392461716376,0.016790867335567086,0.005535202555744066,0.002314837454138204,0.009659402451211928,0.001962743896688632,0.007319696649319921,0.004343488429842765,0.04011123587146685,0.016135727076041845,0.013737112339331916,0.0040208319524590135,0.0011629916686378631,0.013637043315286286,0.16287771941920284,0.04394239984733776,0.15909377827360585,0.011277985996691465
tar_11,0.040285798190181805,0.10172949858286442,0.08108803148250851,0.06172156064331421,0.08352778927237844,0.08407011626585408,0.0034422416029455086,0.005638329710838666,0.000935394501617401,0.02895430145193042,0.00042363418827694237,0.0023918305726863026,0.0029507832038116544,0.04852225909754002,0.0012711352814237346,0.0009941174782495095,0.0003168263018048616,0.0014307487134908282,0.0006400873893212466,0.12245696942900135,0.006131110199692472,0.2737315077939068,0.047345928646360856
tar_12,0.015863030823120444,0.10914207882989656,0.09528767937615794,0.05367058428000497,0.06292477618975476,0.10586175221805899,0.000585821359357407,0.0005327808269092826,0.006315270249118984,0.014542417057843265,5.025714292908023e-06,0.0004279356405453957,0.00148024757543852,0.0377059155819342,0.0017625934186969777,0.00262397094856195,0.0004393130624866857,0.0019839238102427477,0.0029067123768305747,0.10958062087771574,0.0001910124355669499,0.3167636816068122,0.05940285574065247
tar_13,0.024442938430173276,0.1092801623821032,0.06660880376846359,0.05342209909085925,0.07063255900367106,0.09255855472847666,0.004132509365127312,0.0022878183967939927,0.0008813885587120242,0.011444477040954014,4.205544778159228e-06,0.000292314374459421,6.315040518396284e-05,0.03776586541462833,0.0016953939443959294,0.002475117036830088,0.0003847233411067877,0.0017374047919953583,0.010844027013537167,0.130771309780106,0.007445964782443254,0.3165706529107146,0.05425855989448658
tar_14,0.03190555629531282,0.1219698620326982,0.07892627211360063,0.04735202299366374,0.04314057884955765,0.09448914866903976,0.0007052092808143374,0.004414888255609303,0.008369015576052127,0.004698178795553483,9.194292807229596e-05,0.0029312344605933686,0.007601892958137149,0.030802588069358407,0.00684869163002442,0.0005128262758668405,0.0004211922882509878,0.0019020287274432188,0.006210307747708665,0.1318459720703215,8.229105389581462e-06,0.3384798996552063,0.03637246122172527
tar_15,0.05402007571878261,0.3572707613916786,5.675470870931085e-05,0.03625526330223547,0.1633627993345949,0.012143951310774113,0.0372209586396707,0.00014999073952884711,0.001386682504177698,0.0001275047070061075,0.002836573599207656,0.0003403281947197403,0.0010208591543417248,5.116012624465627e-06,0.0030081828122249764,0.015556636592974179,4.3337946768823966e-05,4.411677685305251e-06,0.0005096888419489395,0.19109695492631565,0.02690593896694081,0.011237389062557605,0.08543983985453166
tar_16,0.05189881859783398,0.2624416768241396,0.09280331441825605,0.006115427522618341,0.10119861227103591,0.019128020186956467,0.03883708559495014,0.003457436164163646,0.0010593805822648413,0.0078073605123346514,0.0005882924778375861,0.006158248967207264,0.0006967042006320915,0.007372757157571309,0.003719388236341133,0.012585200141317646,0.0017689727866540058,0.005137260516624141,0.004764340537599474,0.13401878465769748,0.010376880491064226,0.1334372553861061,0.09462878176879393
tar_17,0.03503289681311548,0.1344654729085699,0.06649343655737339,0.0026385645764175633,0.08643682162925513,0.04594820432553912,0.014851097543715431,0.0004914234169913364,0.008800727103684748,0.00024266556087977268,0.012421211904399375,0.004029780446575448,0.005783323847965578,0.004528572809936897,0.021341217306377436,0.0005187713750276663,0.03226057382513422,0.024022413704563705,0.0018437134377928383,0.1263855595316177,0.010874975111170679,0.17956581415593248,0.18102276210796403
tar_18,0.009008631687205403,0.20019934880379284,0.06407078782491146,0.019464480395350016,0.04353106370029515,0.05393762102164985,0.012465809106470455,0.0005220174163112709,0.018267640262929947,0.0010488257678187961,0.0012236850590126244,0.0019264137226708505,0.0017839069326577282,0.02598075011450247,0.0031364687312352983,9.718577610221662e-06,0.00013391999071371154,0.0005001940657030096,0.07464302391034247,0.21690014597479096,0.0004323417515539141,0.2134726735494018,0.037340531633069746
tar_19,0.015019061219012678,0.19260586598183155,0.08848412200761445,0.0032001072250552134,0.06472194709138104,0.07395761017370245,0.00498906207207253,7.213410475576371e-05,0.016146036251600136,4.063624245256548e-06,0.001228730830627835,0.00014783019019780084,0.0029430436593654873,0.03487634886429751,0.0010435354811884241,4.063624245256548e-06,0.005581780221248846,0.00202285856274714,0.06648166241224483,0.1953400356451793,0.0009270680648894258,0.19416369612058695,0.03603933657191013
tar_20,0.012700327063702855,0.2070528682761657,0.0889446449952268,0.037316158332336875,0.04463702618921241,0.09367828751510557,0.0037205921151923908,0.0001675448753439452,0.001117816173431892,0.004524872616206062,3.316097855409985e-06,0.003397034137739316,0.0042350105973813215,0.026568166756034906,0.005187522754617085,0.0006437917459387742,0.001735917218654422,0.0005269871948738352,0.025921249242690698,0.15101887670659123,1.0451712029815332e-05,0.23914420303250197,0.04774733465116673
tar_21,0.03868650509250518,0.32619255532010366,0.03742813417249349,0.02253788802776266,0.12704051462321075,0.02707462496892831,0.0524927801413478,0.003894493822819656,0.00010659600025140596,0.0005464543143485345,5.090578738103689e-05,0.017197436193323153,0.0018152282988594286,0.005625097206061075,0.0010911513845409456,0.002605109518055441,0.0017850459320650162,6.683546405237502e-05,0.0012496516597244798,0.1384804903653249,0.0034204320731864996,0.06446433939766522,0.12614773023598905
tar_22,0.009265866637439366,0.2698313454056426,0.0018542472704968609,0.030201001386230233,0.027422425888155855,0.004752165330935086,0.002439189982703732,0.00043820316628536153,0.0016741162149292875,0.0022230053028779624,0.00032504122182255884,0.005474915441823753,0.005292519649882433,0.019392065325457137,0.0011876437167192325,0.020488735641976525,0.00012661331995601424,0.002566243711178563,0.0037011594210930496,0.18180351276553822,0.010547947424751337,0.21824068865518348,0.1807513471189215
tar_23,0.025854235229411528,0.4477716344590169,0.0037534782527466957,0.01980030842868948,0.10766604021896119,0.02186634998576336,0.05272548134109086,5.759320742045164e-05,1.196109401789252e-05,5.468080479188209e-06,0.00011405105467880358,0.014870633561764945,0.0018131819377214969,4.557499593885199e-05,0.00013151422291795805,0.010635938212204984,0.00013612247962180803,0.009686730866064192,0.00025896262345036615,0.1731843253457574,0.02731237268945408,0.012656067741947859,0.0696419739708797
tar_24,0.015019061219012678,0.19260586598183155,0.08848412200761445,0.0032001072250552134,0.06472194709138104,0.07395761017370245,0.00498906207207253,7.213410475576371e-05,0.016146036251600136,4.063624245256548e-06,0.001228730830627835,0.00014783019019780084,0.0029430436593654873,0.03487634886429751,0.0010435354811884241,4.063624245256548e-06,0.005581780221248846,0.00202285856274714,0.06648166241224483,0.1953400356451793,0.0009270680648894258,0.19416369612058695,0.03603933657191013
tar_25,0.004159938872910751,0.04431882608477966,0.001352274750851022,0.00956045800801913,0.02098175209627202,0.01880924610243946,0.0011054764487163403,0.0005435573511753627,0.006606450852496039,0.0008645956978540508,0.0005470649959738088,0.005594347609048696,0.005506180676301746,0.003767403689851594,0.002972782690156664,2.1376290203277767e-05,0.0007408874517397377,0.0033461201046426172,0.0003554899235303571,0.03365616715324311,0.0015895479088249397,0.04685550726049719,0.7867445479804724
tar_26,0.003475854136472952,0.04913068925639196,9.088911458812671e-05,0.0843664588116979,0.099464790408985,0.0049641561229036716,0.004502624952141446,0.0025063512975535694,0.000133371800383985,0.023789693717612036,0.0023513368835922314,0.00672079365669956,0.00048304849156316065,0.003604502000979332,0.0003368608203608997,0.009606124110153182,0.036337169028841036,0.00395405566945059,0.021522146414046983,0.1715117919530924,2.50525762455198e-05,0.08582577617577694,0.38529646260046746
tar_27,0.0647036122349341,0.1400310331520235,0.057520093670511654,0.056255578159886015,0.08995856185873875,0.04077438885707835,0.0070271675635734535,0.01820605714147031,0.00010438230597945663,0.0014629181763731454,0.00012118063660336153,0.0011492054919718412,0.0015380765137699495,0.05490900037215658,0.0008905460358901888,0.005130758096847194,0.004185883003889747,0.0016785969485442781,0.00420019604054253,0.18684412003378087,0.012689581287181747,0.23045756229951192,0.020161500118741113
tar_28,0.026830576917775673,0.18407817438726612,0.022279105567590763,0.06262184858814052,0.10263161459526915,0.028905104088510696,0.004140240019064468,0.0001893822092594814,0.00025144301293435173,0.00046717301685570865,0.0031328683129805343,0.0046670698314438454,0.008735490081700206,0.03601766757683913,0.008365835289239414,0.0017318059008426423,0.00037741422981602674,0.010642456032599579,0.002468734179381984,0.19761378378039623,0.060217759750993125,0.22413306761555266,0.009501385015547545
tar_29,0.02715545184781439,0.10225020716124417,0.06276415576307406,0.06413814439487646,0.07407941597985633,0.07893367170581371,0.0030697823952313156,9.723011992332007e-06,0.00801085020859304,0.01022205672055607,0.00397315813965636,6.45603861067234e-05,0.0004744605608704899,0.05849938302528457,0.0002303997812212399,0.002444863010627894,0.0004491632806282525,0.002028558240271896,0.0034436124671103257,0.131639829901947,0.002803444638978278,0.30687268037936977,0.05644242699887541
tar_30,0.027299112734687585,0.12075346303332223,0.08457316010263742,0.052779262592592906,0.057119187265972385,0.08527818044364596,0.002821293235646523,0.00014154441192358862,0.0017810704495143496,0.02984652106654238,7.379542295387703e-05,0.0002824039989415325,0.001169329305990271,0.054043432597098505,8.628611486751994e-05,0.00200322619697604,0.0006052850949177554,0.0027337452640060975,0.006478430917915943,0.12962190714528793,0.0002639136416407161,0.2985763647421445,0.041669084220774005
tar_31,0.03072147323470748,0.11445418204723169,0.07607498016098381,0.061919532557875454,0.07051280761731248,0.08451993220355948,0.0009880544756799428,0.00040666799903992727,0.000163683988975136,0.01908250534267047,0.0002746742473069119,0.0022521648267767682,0.0003215472598907088,0.055552028341492476,0.00016564006209818322,0.002501705150797268,0.0004216060073394276,0.001904116314271332,0.0031313525485300244,0.10919735135133544,0.0027754936300168663,0.3114698674717181,0.051188633160390726
tar_32,0.026600271537525377,0.11538896628594902,0.0890956529120547,0.03968693681754129,0.049813107691805296,0.10274116687223309,0.0010667392098517713,0.0020942812287033557,0.008304426578788524,0.002293721494937933,5.393941585677319e-05,0.0006427022716549642,0.0005132568859427697,0.05376579611207858,0.00024604055130852807,4.7308593570532036e-05,0.00044970364382222896,0.002030994672122828,0.0010102143002657992,0.11100863043640707,0.0006319586259256389,0.3453892606918706,0.047124923169783395
tar_33,0.00912143658518954,0.3744721146287425,0.004578633245407932,0.023146734976194454,0.0948662304390634,0.017785036138471336,0.027946883323583537,0.009731469753002793,0.001439343483362466,0.008847587881844666,0.0003771504780515131,0.0013715128272611258,7.583833409062634e-05,0.00540795453444593,0.0028206467140925724,0.004669336677770603,0.0031985962381664047,0.00024338176253734285,0.003039556000899602,0.20064829917787727,0.02457195392695442,0.03876405178531582,0.1428762510876742
tar_34,0.02038265057428057,0.35635721570606455,0.017847475077235147,0.018611074804822852,0.07560389342316867,0.006955377848973763,0.0773463809344001,0.0005039656522130824,0.00015855828062364427,0.0123227092629458,0.00014081627974311869,0.0182865960040926,0.0018272618472133402,0.0047465847597942855,0.009715646433224793,0.008554213532363833,0.00391830663446687,0.0007379162139884603,0.009212410611423857,0.1840897336333064,0.0012215243981705723,0.02752553038882403,0.14393415769865955
tar_35,0.022350451236179084,0.1476835478848414,0.04082210739184762,0.012779153856583417,0.07891061753263659,0.014023126806837437,0.04137911236523249,0.008731208293287725,0.0035946074979205894,0.0005360752735446351,0.0007122006998773209,0.03292461587302056,0.0007466221800749561,0.00026502845264314107,0.017495431701520413,0.0008629314885076816,0.0213928968178441,0.019692661377258586,0.0023009941818404184,0.07658876056386528,0.0020624257975618843,0.05475734098606668,0.399388081741008
tar_36,0.017497024149883512,0.11265184693106056,0.08047656711893855,0.017118168184010706,0.07703116527878774,0.028897573482903338,0.0035517201372345206,0.0010776955362304733,0.007345020476647481,3.4606562732070116e-05,0.021427273311656198,0.0038307576688697085,0.0007299411240836433,0.06632007852658782,8.771353018855806e-05,0.005686895122113231,0.0027538513356578304,0.0003386444147375546,0.07229295022734175,0.26103623319599073,0.0001575353576249662,0.15877240841725318,0.06088432990946577
tar_37,0.014900653592322118,0.08842618352653196,0.06950736985551101,0.019476739335231728,0.07997510124507738,0.04099393561556879,0.0015285645642990997,0.00454910750071158,0.0015505026898058876,0.00042664424271214205,0.021866925685214426,0.0011639184596353032,0.001021194339264973,0.048934714508885334,0.00017739861250653822,0.01611528266508793,0.0020330754695956446,2.6173005205955274e-05,0.08038749980636524,0.28796277417979543,0.0012790372341520552,0.16590701501766425,0.0517901888488552
tar_38,0.007649583072411257,0.18520345873071306,0.08775386870142109,0.0021617020237350154,0.083559381869538,0.053262135211989615,0.002205197623017231,0.000626715190288896,0.00500568980271002,0.0009877006966675548,0.00023571922435020943,0.007943599524781719,0.010924707193289867,0.05163085061504307,0.00016548449861080431,0.0035620374754682573,0.0040609966402335804,0.0013290618976547102,0.06810156191520586,0.2000057696699635,4.528448832315945e-05,0.18988668954478635,0.03369280438979727
tar_39,0.0279716752126692,0.35060011041962486,0.02229022681203627,0.028222574548985434,0.06752625827714252,0.06099157220699747,0.07130531067298836,0.0014487438560294493,0.00938458242176428,0.000996961731755829,0.0026846907610536923,0.013223421050661337,0.01928714275010411,0.019655189866149836,0.02159756272679249,0.003012638850109246,0.005099891158676142,0.00010782552808169413,0.00041183758011911417,0.17717679653242818,0.0005713279529012403,0.022759666216265982,0.07367399286666342
tar_40,0.021183838826271298,0.15123109594012998,0.002454825431938323,0.020171272309687703,0.07925619970627557,0.0032579108850453705,0.00013197254346185142,0.012121041830909321,0.009622142469574884,0.0007538620831856859,0.013486084010866296,0.024777145843901848,0.004149072338884118,0.024611142676454412,0.00431264593839278,0.016246927814669576,0.00759163737527265,0.006473728134619766,0.0004157188045850074,0.2067246993795597,0.0048527653445992695,0.1339471147972358,0.2522271555144788
tar_41,0.0041825106957849925,0.41347056744973754,0.0012027840308686307,0.011380528707943264,0.07298142638253667,0.031011398561423317,0.059845215260127836,0.0034509226235536535,0.0005743845399807738,0.006991736612332535,0.0018221412737746117,0.006089081866458723,0.011445651158350688,0.0027792192573929137,0.0021150020302131136,0.007300983248226306,6.836501248092012e-05,0.0009880346706228863,0.006906178266380585,0.18390892843770767,0.02273618881678323,0.06472553877279418,0.08402321232452524
tar_42,0.040831403287622345,0.15255675786606165,0.032924037555854525,0.040058600080680754,0.07836358464439244,0.04729913192032259,0.00044445431232012657,0.009555688629189532,0.0009620424592674475,0.007843292890766431,0.0004509031731952289,0.0023015802632441813,0.002091033818579492,0.07570444724885166,0.0006317197899275203,0.0004210536180075213,0.00015698052741075903,8.693279761131833e-05,0.026901570805009416,0.18782234266103445,0.0009398780488291341,0.26103384857178114,0.03061871503004053
tar_43,0.014900653592322118,0.08842618352653196,0.06950736985551101,0.019476739335231728,0.07997510124507738,0.04099393561556879,0.0015285645642990997,0.00454910750071158,0.0015505026898058876,0.00042664424271214205,0.021866925685214426,0.0011639184596353032,0.001021194339264973,0.048934714508885334,0.00017739861250653822,0.01611528266508793,0.0020330754695956446,2.6173005205955274e-05,0.08038749980636524,0.28796277417979543,0.0012790372341520552,0.16590701501766425,0.0517901888488552
tar_44,4.8377507055867625e-06,0.027108532248143934,4.8377507055867625e-06,0.0031474215543692316,0.03542655198249946,0.010184165743951317,0.005780386751950571,0.001785945253369127,0.008610030522508751,0.008672441755040602,0.002737815865216944,0.0037887139779977435,0.000756445448135865,0.00019210120801211843,0.0020134359915791812,5.102313913259355e-05,0.0005018272825244297,0.002266269743409017,0.007439983443059822,0.03478340948051327,0.009038011186048082,0.02042945589539465,0.8152763560257321
tar_45,0.0049221948923400555,0.06935416208555883,0.004444680012010053,0.08400351819362512,0.1137800837375561,0.011649126271588704,0.004635015973045156,0.0021364960753513535,0.00010400025486059779,0.07198729279064538,0.0004575152345837492,0.00206487348431681,6.84098767283041e-05,0.021563532489165736,0.00020908828062012606,0.04822045883589876,0.009075042887516902,0.0006505782513588443,0.002305822214200259,0.1708044012071948,0.0004918250343086591,0.06940011900823481,0.3076717629092909
tar_46,0.07723683273428478,0.1134805320499585,0.07946673604427777,0.05740961413171125,0.053978081237865336,0.042368986328927445,0.0032293004817032776,0.017613177589878466,0.0001867475623995197,0.003299882570515692,0.0004128783122347708,0.0007964399382233099,0.0015927286762613835,0.044769607946767855,0.003434176761484731,0.004140812894149452,0.005660909847935248,0.005037390459634825,0.009800387117314766,0.14537882862327556,0.007655712411272409,0.31736767304698627,0.005682563232937418
tar_47,0.03416198551268042,0.14371847608385455,0.019326021707960085,0.059958103704588685,0.08900661988164504,0.03037677380844456,0.0012156587720961415,0.007317559687592613,0.002127400731153457,0.0003958208808544877,0.0008568569552425251,0.007973055781284261,0.008811643980514015,0.028829239561229156,0.0076547256210692145,0.0014388539522255024,1.8724215861279256e-05,8.158192026502476e-05,0.005345773930162449,0.1624362911558658,0.03383533262214602,0.3480731700272654,0.007040329505999231
tar_48,0.021971989289754294,0.11671813259867969,0.0805099875754593,0.04765099928323794,0.052069402377874434,0.07954440760693078,0.003440738001582998,0.0008927799024896668,0.005850816207992556,0.01102324250231208,3.3689847855087755e-05,0.00037424609969245927,0.0052921683366720824,0.06394472794542971,3.789601353681714e-05,0.0007381268716670388,0.0007542745317188248,0.00011791345811985434,0.003760502616060997,0.1280540002185711,0.0041987421532917405,0.3182444984746908,0.054776718086379746
tar_49,0.03602050208315417,0.13240432091820273,0.10109452285114136,0.04802906143912696,0.05324922851716646,0.0901167141380757,0.003104710931777651,0.001200359872853284,7.787426348924437e-05,0.015627505512246672,0.0004197282034544816,0.0005030001132294406,0.0037407585304406995,0.06323821659043813,1.8707384105305487e-05,0.002921272845738647,0.0017881050483977362,0.003323083104274759,0.006622878196032522,0.10989020983400583,0.001713341028856982,0.2918872349880169,0.03300866360577422
tar_50,0.02638244487515827,0.1136673217989564,0.08540380839824965,0.03698843098539105,0.05351999643085695,0.09571842111985687,0.0011349441195012086,0.00020140868364846773,0.0026702054081832152,0.014397467283929686,9.522107189618737e-05,0.0008893389489145199,0.0012942384669260123,0.06655748045722916,2.788032571369509e-06,0.0029138120317021765,0.000558356137492466,0.002521902705890852,0.0022267185365429033,0.1259230060653921,0.00223916687266564,0.3150950896932931,0.04959843187575167
tar_51,0.026997386505438276,0.14305361870428654,0.08174444902288172,0.05111416886516641,0.047217840510851476,0.09082681211802303,0.003216952010921526,0.0006919789978553457,0.0022750815156691267,0.013949825636452513,0.0003813075198713881,0.0025048960357227416,0.002542185674348279,0.055945658946327734,2.381386266261709e-06,3.858130929658685e-06,0.0006384958303322135,0.002883915449393433,0.0018107007951791087,0.11486015614465467,8.318592478859653e-06,0.3001951779261009,0.05713483368084875
tar_52,0.007547196324001063,0.3464690703198555,0.01978872028862006,0.019655336588146128,0.08783452887533971,0.030755822200228995,0.02689584251548821,0.011397564185838194,0.0013331317548278588,0.006309238503194758,3.168059951221963e-05,0.0019730813388374024,0.000478425675212251,0.015608967016487228,0.001251445603304377,0.0014611648801608808,0.0022934086385473,0.001112860310112084,0.0018890835729309546,0.18454747298787758,0.013797369944852225,0.067178694777366,0.15038989309925885
tar_53,0.012394490564419179,0.33958167001992134,0.007236989722792793,0.018337250152250167,0.06263890317203749,0.019706725441328645,0.06030462964738667,0.007491226374117356,0.004365717297344476,0.006918466508102249,0.0007828625329443913,0.014203484746519696,0.002877511682960843,0.015172920232241387,0.007546845262855861,0.003126826825384585,0.0049470447838188825,0.008494737089568315,0.00923056352925079,0.2061201366100241,0.001031978309423052,0.05664650217119399,0.13084251732411392
tar_54,0.021574473206309012,0.16127343543380684,0.007416156028428136,0.013046341752224064,0.11936105011270287,0.004208879001628555,0.056119458345719554,0.011497049968798315,0.007719344553172518,0.010607503576644278,0.003560141874994135,0.022542560423830887,0.00043362807525512936,0.005737794999389706,0.011979423532627976,0.016306150552217204,0.002985664903595969,0.013483777796142188,0.004302076311881131,0.13572258870890816,0.0015015297320445232,0.10317857731583717,0.2654423937938417
tar_55,0.03090013899656474,0.13106238116029242,0.023241672440740616,0.043708370535487207,0.07393113370241272,0.025168107156366595,0.003914262517632721,0.020930356829549617,0.02337063854069095,0.02032186882754186,0.027050195882455573,0.008878894574204188,0.0003613083099204066,0.02828186041187171,0.004718685730168847,0.03261316020839205,0.0011761187725018044,0.01067503467105593,0.04880325933058262,0.24509394753337177,0.0044496885922685695,0.11347252457694951,0.0778763906989777
tar_56,0.03090013899656474,0.13106238116029242,0.023241672440740616,0.043708370535487207,0.07393113370241272,0.025168107156366595,0.003914262517632721,0.020930356829549617,0.02337063854069095,0.02032186882754186,0.027050195882455573,0.008878894574204188,0.0003613083099204066,0.02828186041187171,0.004718685730168847,0.03261316020839205,0.0011761187725018044,0.01067503467105593,0.04880325933058262,0.24509394753337177,0.0044496885922685695,0.11347252457694951,0.0778763906989777
tar_57,0.03090013899656474,0.13106238116029242,0.023241672440740616,0.043708370535487207,0.07393113370241272,0.025168107156366595,0.003914262517632721,0.020930356829549617,0.02337063854069095,0.02032186882754186,0.027050195882455573,0.008878894574204188,0.0003613083099204066,0.02828186041187171,0.004718685730168847,0.03261316020839205,0.0011761187725018044,0.01067503467105593,0.04880325933058262,0.24509394753337177,0.0044496885922685695,0.11347252457694951,0.0778763906989777
tar_58,0.0017066923205865112,0.37655671342272595,0.011498691031274778,0.021207672050784353,0.05502905738360323,0.07644940508575353,0.03570183220679227,0.0003673256023029108,0.005165053850817525,0.007261438329135885,0.005936237912115762,0.02476489702103663,0.01865445031426714,0.03145132186903821,0.01315777529004977,0.010240050808269877,0.005880043480756251,0.0011405844519693244,0.002435701873493166,0.17324171357313095,0.004535977310500434,0.052511709685772796,0.06510565512582268
tar_59,0.026893280805840174,0.16096516112141845,0.0244173426026161,0.018355945188456794,0.0793074898247635,0.02044988802931763,0.0052799196108074264,0.021986112871338177,0.013353240720900026,0.00130548067992263,0.00014727733820410873,0.007025058651959504,0.0012083405360530282,0.011988340312812035,0.00013217677505726177,0.02064021466809877,0.012633832578109792,0.003850417935438999,0.008005065205082831,0.19878329880891676,0.005141929543252098,0.20020309728389032,0.15792708890774354
tar_60,0.0012592129182927316,0.3638575856983322,0.003915880289003162,0.009724595238827216,0.07983134286176391,0.025467862108786866,0.04750068353959852,0.00378800471331661,0.0025151690704831742,0.014486409529960642,0.0023217727382249917,0.010028659308336466,0.007577505287838848,0.006601392949827792,0.0010295516769243634,0.017167141132892992,0.0002557926947245508,0.002187523898992619,0.005453748603439918,0.19936466884050702,0.01827887517517756,0.09787932534128843,0.07950729638345948
tar_61,0.03090013899656474,0.13106238116029242,0.023241672440740616,0.043708370535487207,0.07393113370241272,0.025168107156366595,0.003914262517632721,0.020930356829549617,0.02337063854069095,0.02032186882754186,0.027050195882455573,0.008878894574204188,0.0003613083099204066,0.02828186041187171,0.004718685730168847,0.03261316020839205,0.0011761187725018044,0.01067503467105593,0.04880325933058262,0.24509394753337177,0.0044496885922685695,0.11347252457694951,0.0778763906989777
tar_62,0.021971989289754294,0.11671813259867969,0.0805099875754593,0.04765099928323794,0.052069402377874434,0.07954440760693078,0.003440738001582998,0.0008927799024896668,0.005850816207992556,0.01102324250231208,3.3689847855087755e-05,0.00037424609969245927,0.0052921683366720824,0.06394472794542971,3.789601353681714e-05,0.0007381268716670388,0.0007542745317188248,0.00011791345811985434,0.003760502616060997,0.1280540002185711,0.0041987421532917405,0.3182444984746908,0.054776718086379746
tar_63,0.03602050208315417,0.13240432091820273,0.10109452285114136,0.04802906143912696,0.05324922851716646,0.0901167141380757,0.003104710931777651,0.001200359872853284,7.787426348924437e-05,0.015627505512246672,0.0004197282034544816,0.0005030001132294406,0.0037407585304406995,0.06323821659043813,1.8707384105305487e-05,0.002921272845738647,0.0017881050483977362,0.003323083104274759,0.006622878196032522,0.10989020983400583,0.001713341028856982,0.2918872349880169,0.03300866360577422
tar_64,0.02638244487515827,0.1136673217989564,0.08540380839824965,0.03698843098539105,0.05351999643085695,0.09571842111985687,0.0011349441195012086,0.00020140868364846773,0.0026702054081832152,0.014397467283929686,9.522107189618737e-05,0.0008893389489145199,0.0012942384669260123,0.06655748045722916,2.788032571369509e-06,0.0029138120317021765,0.000558356137492466,0.002521902705890852,0.0022267185365429033,0.1259230060653921,0.00223916687266564,0.3150950896932931,0.04959843187575167
tar_65,0.026997386505438276,0.14305361870428654,0.08174444902288172,0.05111416886516641,0.047217840510851476,0.09082681211802303,0.003216952010921526,0.0006919789978553457,0.0022750815156691267,0.013949825636452513,0.0003813075198713881,0.0025048960357227416,0.002542185674348279,0.055945658946327734,2.381386266261709e-06,3.858130929658685e-06,0.0006384958303322135,0.002883915449393433,0.0018107007951791087,0.11486015614465467,8.318592478859653e-06,0.3001951779261009,0.05713483368084875
tar_66,0.001805546877513102,0.3666417997997143,0.002634238925278294,0.0065775321549465995,0.09102409285836983,0.023212054904634655,0.05038833808604506,0.0025420899317000565,0.00434148337702544,0.015731804342679193,0.005472951802946865,0.00839953994190998,0.005887399621943568,0.008809180284540108,0.0012798605401460942,0.013428148306939369,0.00031795266482407034,0.002532941949906277,0.009148801179986368,0.19990470615885175,0.014894952962094614,0.09681397553342862,0.06821060779457574
tar_67,0.0374351704811871,0.26529387083640715,0.007494664492159641,0.0490464944145525,0.1577770221106526,0.016698273721126547,0.06053906978725976,0.0003101796987968107,0.019755587118581903,0.004226093882110881,0.016675620529618972,0.020287939194446037,0.00032650986982091663,0.038068941864690925,0.0005791808671271361,0.0011484186225554857,0.030348957673210514,0.015504536824153444,0.011247350917671926,0.14723732299272388,0.005547194542236158,0.05998423229586113,0.03446736726304875
tar_68,0.00016528301143844073,0.3051810614845833,0.04280731231322902,0.023709069746319044,0.06912076992914654,0.07059518939217524,0.04411678742564073,2.2919447263075492e-05,0.0002879862980240809,0.0006028130906758898,0.007495072523802667,0.003541057177824164,0.00045723575745469956,0.06175909596486776,0.00013816648632748287,0.00029150610998331556,0.010161842515484144,4.6415769905075045e-05,0.025924432973536703,0.14982324012412043,0.002027339014157345,0.15014696033179187,0.03157844311224896
tar_69,8.918986924848049e-06,0.31304258217668923,0.053686232495373326,0.00696855277067662,0.05961932842196853,0.058623961940133855,0.04871947727553436,0.00012624333978298753,0.00039163089075267227,0.0025386514782821455,0.005742902653326856,5.028734615859345e-06,0.003958232317945585,0.04752304759325028,8.722926660587682e-05,0.00011898997631323011,0.0062434534949821026,0.0007069742336557938,0.023299120052682688,0.14950876821591005,0.0008336879524178815,0.1815524059758166,0.03669457975635876
tar_70,0.03382923992634964,0.18747205987039475,0.0056127662984801485,0.028453082932260725,0.09928488779113828,0.0029605896619662848,0.004082412956522174,0.03393140099326319,0.0012063327830367648,0.013034949851854653,0.0021783466113299396,0.00163768611424857,0.0036042524997059945,0.046379567433900704,4.872022913398928e-05,0.0008644386630768297,0.002250833644512873,0.00603047283349184,0.023171377625140974,0.19343056226517508,0.005054303534205744,0.25249548936335736,0.05298622611745347
tar_92,0.0002390709268977255,0.43811967289134435,0.004053393382010793,0.004636341069287761,0.07221853992095598,0.0436314380367119,0.02769407091804103,0.0032172724640566973,0.0014933933281177619,0.008428321140122838,0.01857983156721506,0.004477741237764249,0.0028197065481357477,0.005291779589331333,0.0026656501882281734,0.002783485853752164,0.01076061933412057,0.0021396953958643197,0.004500498794439063,0.20912272235210144,0.007959983569217092,0.09764962847480681,0.02751714301747726
tar_93,0.0007200338213409583,0.21107291236702153,0.06128162174996033,0.020477093150292978,0.08202470513662644,0.09895100533107078,0.03285505524608211,0.011296351094986636,0.0057383277247726695,0.0005176952322189413,0.0032595763123600993,0.003465700130715769,0.009933125100096458,0.06869740131351225,0.002174299383796925,0.0011943023914822183,0.003687657328791004,3.526274707463542e-05,0.00028332256847297846,0.12648358592057132,6.929211946800259e-06,0.23496234249357248,0.020881694243233658
tar_94,0.017050539651208105,0.12292406877078078,0.042643353984577664,0.05827019673158135,0.06509309306194629,0.0675393291239838,0.008900332124195786,0.0028306125947998137,0.0019336245217059021,0.011743134240735567,0.0007473477507540397,4.540091077909501e-06,0.00015612237537183918,0.02702088677280616,0.0008916628871622316,0.0017986956558415624,0.0005926666965095803,0.002676569630052793,0.011736320389483607,0.09675919653503365,0.011472682159805507,0.43200114825364805,0.0152138759969381
tar_95,0.00798269434908374,0.1756734039510175,0.016800699809215336,0.03436222428892541,0.019451894744301507,0.06581500428899449,0.004872785722957265,0.0,0.004481482917542305,0.03636846364097101,0.0026665205026044797,0.00016963457956731948,0.0006128220388357337,0.01221869844078365,0.00031568572720037436,0.001664898598365357,0.000803519374075708,0.003628967145572176,0.008015416634270993,0.12888765345521083,5.288991851344642e-05,0.4452114645256473,0.029943175346344036
tar_96,0.01683722718778779,0.18894733375155767,0.022654365988140787,0.04967801912550516,0.058406768924919666,0.06907042724872113,0.01592120744411179,0.00023636061076155612,4.488197315106557e-05,0.005080039836505188,0.0020899555899622675,0.0015217301858956895,2.9517671396570178e-05,0.027758630175308496,0.0006181280169589951,0.0024598876996825944,0.0006141013724335399,0.00040061861648843625,0.011502604025565815,0.11156909563333596,0.00045522976908597473,0.38781595481182923,0.026287914340894617
tar_97,0.00010735058244994141,0.4191652723276061,0.0036272564461989824,0.01526021197794341,0.0490405554398662,0.04521648601067478,0.019383931287232516,0.0006090398302841484,0.00011216876051088541,0.018266424868902873,0.0023259582866306254,0.004555163040286201,0.0008812170093553666,0.0353190753322907,0.00062069739446699,0.00045381312533348286,6.617182972904348e-05,0.0013411941331159306,0.011391668547426046,0.1940844436538788,0.017368702114417735,0.12255407723799319,0.03824912076340592
tar_98,0.037309807943188965,0.11842442275541219,0.10163939640420988,0.04634907187279026,0.04138443148164268,0.1013790599001666,0.0026470834984100126,0.001843772381033373,0.0035916523611302037,0.009922454564271032,0.01730042729101524,0.0015847835383528664,8.659523917339147e-06,0.023949608111293215,0.0006337900581428282,4.9653346184285975e-06,0.0007518224172116689,0.0033954057887486252,0.011218577166958774,0.11204341777026337,0.004135516497159987,0.3277421962368568,0.03273967710320573
tar_99,0.02421959703573613,0.1061709318335506,0.08472993501899252,0.021244831586161604,0.04267400773159311,0.11624611758283904,6.115528689239318e-05,0.0005231523063783454,0.001383895791607071,0.019337630571366404,4.238434690168285e-06,0.0036470408649228276,0.010337700938172099,0.05907129810078147,0.003150959771152156,0.005031073361671144,0.0007852920280155923,0.0035466746054783694,0.0015821935703873161,0.11164795865651833,0.0015958573981053488,0.3595844557484649,0.02342400177652294
tar_100,0.011678763125455967,0.16379839112174308,0.0483139602067696,0.023423608092111026,0.02554540804537157,0.05893081485929015,0.009455276679652558,0.0013248686112440399,0.0005478512510363052,0.0015849140409932825,0.002520794149279692,0.00873409646215269,0.02309038296903507,0.018941732854979146,0.005154495428419076,3.744625673200085e-05,0.0012845813229864203,0.005801854145413005,0.01289534553984996,0.10938868821513201,0.0009676963187949758,0.43748663345252886,0.029092396851029354
tar_101,0.008193825486467373,0.2859331973988776,0.041502427131996665,0.018631277124001273,0.04988795608969579,0.012388320604616908,0.01979183482300255,0.008538266575875518,0.005875700178293063,0.013502292575263631,0.003329330202741173,0.01758738674859214,0.0016870471080772573,0.033171824875348706,0.0010526078199255952,0.00978958127626053,0.0019428912416205204,0.013634719318537786,1.802171508489597e-05,0.25904542832071503,0.01299424838585047,0.04074725234070862,0.14075456265844677
tar_102,0.010114846850021824,0.24091240549864784,0.027726173608526788,0.04018418968453761,0.030996874902084227,0.09140515048847506,0.002820927502302861,0.009795832740239062,0.002375517097584164,0.02391799525172716,0.0001325549394576081,0.0002721676603153686,0.0015606995294457414,0.022207712250804465,0.0001823696532513555,0.004665451277651679,0.0013893763207313554,0.0003911156832528459,0.0012218791016808202,0.15381468474964788,1.8073984793527116e-05,0.29589615467304403,0.037997846551776744
tar_103,0.015022789616431574,0.1941046979921741,0.024433751925758106,0.04570641648996149,0.06618091869480641,0.09410782406270014,0.005248671938788748,0.00039265113140401586,0.00025802630667442567,0.000503862089777409,0.003909906947267487,0.0005535034074526892,0.009292805347273716,0.02884342052904614,0.0032200986938747075,0.0004544754000633447,0.0008025188978412354,0.0028035198457353676,0.004448344414564657,0.11101168852655029,0.015539619299042668,0.3395032901206391,0.03365719832217205
tar_104,0.028255564035033966,0.16960695664502606,0.03317369739561771,0.02796070801527889,0.05545553027297649,0.08136455653655288,0.018917422354121294,0.0011486644025250497,0.0023722306365128844,0.006403320907055735,0.003319678609247143,0.0028574481194662536,0.0005779223460628614,0.056097821965496376,0.0011090497409797036,0.006476580064722481,0.0016226945175459098,0.01003511886682679,0.0005467259196374421,0.19049930107305219,0.00046714058166754465,0.26842551488117145,0.03330635211342304
tar_105,0.00687183616396642,0.10174870635525726,0.023356081988393666,0.03373241347542242,0.04674596670082823,0.04475053862752484,0.00506043347210765,0.0023305979342588654,0.004088767069472213,0.0005722055028285568,0.0006153322172310745,3.7381049271672967e-06,0.0049098190175750275,0.008267007058025067,0.0007341547503509786,0.00016892119544957823,0.00048797485785473225,0.002203765948813006,0.007375908981399723,0.06778394583378863,0.0021732491696238553,0.6121075605532889,0.02391107502161206
tar_106,0.0017768947807198432,0.2702856356940664,0.0007149230147769307,0.01765591872448022,0.04585686126253524,0.038043394722167015,0.02351648143661887,0.011251143820496377,0.00038883774564666806,0.0010086797225149432,0.012199854289694181,3.321727491427299e-05,3.530141782530216e-05,0.01496625523893446,4.72015332074846e-06,0.0021365359881635017,0.003915909884573583,0.005526726181119323,0.0009966438890805702,0.1529301115299974,0.036681290118799226,0.28295345446061865,0.07712120864893646
tar_107,0.005897318754554953,0.12840651186072963,0.03639578986884642,0.035361995946265774,0.049438756822707236,0.05063337437173459,0.00917935707376456,0.0012009771572088126,1.058167583361146e-05,0.0013904732611351668,0.00214078809714288,0.0011512266425114743,0.007856342782968,0.03219576076117434,0.0004438050514227411,0.001575458542436887,0.0007611041191063409,0.003437364547178033,0.006962549337454591,0.08758221916837292,0.0010171444447364731,0.5035094501600782,0.03345164955263637
tar_108,0.031923364115504116,0.16444725039506733,0.03488122658029749,0.033339010577363895,0.03264410588589407,0.1252197608815432,0.009950299317677578,0.008988379996831516,0.0016331079201792813,0.01915207972242386,7.5585982578638235e-06,0.0022806113104337127,0.006820922467112612,0.061726878551235355,0.003843722156055206,0.004062217508993596,0.0009579126070326313,0.0068710306146760455,0.0003599830837234798,0.1470030174177415,0.007896382379748917,0.27742049355412984,0.018570684358076885
tar_109,0.005849288393772856,0.1397885746342918,0.051445968406889066,0.0306390825422719,0.044709421150131906,0.0661992046091076,0.013335333128100466,0.0010716175563840558,0.0004710658273488491,0.004115813990108885,4.2678555145856206e-05,0.0011251813514464794,0.0037623552546309593,0.021183485962859638,0.000421043756315263,0.00019231247123299044,0.0009361554523251474,0.0042279800326262525,0.005962789195559302,0.09902940060136328,3.218535465187714e-05,0.47574957347449154,0.02970948829894407
tar_110,0.026393634959099656,0.1912761947878768,0.05249834259722701,0.05798386322842288,0.04485774796051758,0.10276842437390868,0.006371546399538853,0.009175812616277364,4.394876802442465e-06,0.006470947762417351,0.003563377704715955,8.964290256215931e-05,0.005275370654319492,0.023603502503850946,0.00010197835280049782,0.004305012827605418,0.001426502172937299,0.0006816556668152917,0.0018175281934812494,0.1469800284727048,0.00027961875873098665,0.2857130105700893,0.02836186165729801
tar_111,0.013354482702462832,0.4165146405656894,0.0015097567652285267,0.0012060371543731177,0.07294378143006829,0.04412828787020279,0.06504659543275834,0.003902251148207549,0.006051596605733251,0.0007587845717593663,7.839453954056976e-06,0.006032546273246509,0.01126846339819074,0.0020120984416558073,0.007931775046441594,0.004395564861782689,0.007278535475954041,0.003788603107563654,0.001243817890136667,0.16619612323463331,0.02589858538321948,0.11054547239521012,0.027984360791527812
tar_112,0.008118113827183842,0.18681391141645995,0.019116864111346655,0.046306759777306826,0.06433339312140805,0.0674658176651235,0.0068912192661123636,0.0019316392208903166,0.00027036184319545573,0.010982036966428781,0.01962556443972583,0.0063290470242628105,0.008659805674433748,2.9388216133043958e-05,0.0021973120554439523,0.00948969775295666,0.0025350959563499656,0.006712598606670945,1.1005016988354185e-05,0.1280454449788658,0.015642624796883834,0.37022767743639695,0.018264620829432476
tar_113,0.0038374286830661956,0.13757958690164762,0.027017882025070376,0.030896234994504626,0.05138346949928216,0.0606467540363462,0.011858519272184724,0.006446450832524095,0.0005985900616298582,0.0036089798492160916,0.0016003154154550006,5.213165562489853e-05,0.0032424848462729457,0.021957666704886553,0.0004039069058752972,0.0008147513047872578,0.0006111087076582044,0.002759931380758127,0.0033410653884664515,0.08261698310387712,0.003593983139397332,0.5054950196287707,0.03963675566269817
tar_114,0.004703293163538812,0.41062432706397367,0.011526084489150719,0.006614181636559552,0.07118870050688325,0.08082636791450215,0.029911478463899955,0.00034651463455656574,4.923206396710975e-06,0.001776268670841829,0.002683276659480369,0.01291619096563243,0.00029992249560093154,0.01232484622317535,0.0008231899481733302,0.0011723902535662224,0.0022030375510551435,0.0020419517212634554,0.0038115302962926528,0.1558759249449721,0.018516036901296558,0.14958830800251746,0.020221254286670362
tar_115,0.054398707296809796,0.14495782318382347,0.12644061306290447,0.0549372381980163,0.03808996141286236,0.10946344590190282,0.006631078361217702,0.0010446555676141224,0.0032098632493057517,0.00011460470988496304,0.00030315069735816554,0.00024869074840331727,0.0037646743641819636,0.04240839207637515,6.607565078181305e-05,0.0002185825013167375,0.0009459127019030369,6.51498375194906e-06,0.023728572504116148,0.1633279904947464,0.0005695976043397364,0.22307184483103462,0.0020520098973490753
tar_116,0.014009090350909104,0.10404071961847863,0.04671100602781774,0.04008262813387884,0.07893639494537766,0.1588703553456758,0.0039133627279948425,0.008161079242844056,0.01841109932819365,0.004365227878409814,0.00240166463579797,0.001700070492903149,0.01798117341631189,0.010416092124991066,0.010539249434530296,0.00048761661128325553,0.0013483543723137744,0.0030587395834007114,0.03131279774166926,0.07400192448010129,0.016369602570083814,0.2734891499414588,0.0793926009955747
tar_117,0.0036212250948199852,0.19812653918549453,0.021768250616551472,0.05389701216842937,0.047467537241901635,0.07262356666781462,0.03357580199238238,5.570337030073054e-05,0.006264443564789244,0.0033395739084961,0.008861620982051437,0.0003998513313150497,4.0744621791241706e-05,0.05212904029467424,0.0002412803424230118,0.013021672297062975,0.001916459393054067,0.004287016260568958,0.001934064961771979,0.10023598824747393,1.7166625984399077e-05,0.3348537180608879,0.041321722769960954
tar_118,0.002027558668758186,0.14354183190379116,0.0400192400164224,0.042848034629732044,0.05407893280178035,0.06910819613479866,0.006631799076949797,0.003352558075828911,1.766281394634826e-05,0.01163119298374905,0.0062947538016960205,0.0010288478269580284,0.0008216296332883584,0.008943178884638537,0.00448587276333677,0.0011554574917831024,0.0007198926114423261,0.0032512479683574256,0.010426590947568759,0.10026537172387258,0.0010116492312011467,0.43698126483526506,0.051357235174835085
tar_119,0.07274677470613551,0.15012258516587634,0.01780665574239791,0.05089361940839615,0.11237916131106254,0.060972386562326626,0.0009089386161078126,0.027905358998334087,0.005730147553116386,0.0015209832055536642,0.00024631239206214696,0.000535873508853551,0.008329977312921507,0.008490425686099928,0.0006834201648950652,0.003985400284918314,0.0002597301227837101,0.00380108013366348,0.002630743245345426,0.21271814974229486,0.014541039940567142,0.17352299933067242,0.06926823686561528
tar_120,0.010843350406356254,0.2340465510442673,0.038789769064815086,0.0341493274514653,0.031961384991279165,0.04952362589161059,0.0023842907655419058,0.0022528076003352805,0.00017555564490183743,0.004933238479441568,0.0007621788866089385,0.003848422229199581,0.0006613194334092173,0.05535720134611656,0.0032587264616167027,0.011231868880153423,0.001738079286696577,0.00229296011430618,0.0014399757572901833,0.18224650814956114,0.0002873289304357863,0.2786114361517167,0.04920409303287472
tar_121,0.0028645360099538797,0.15315119584463463,0.037536893348893936,0.0328135268634718,0.0651568575205076,0.05046888936290841,0.01121044465854125,0.0018404254998678382,0.003107072917596584,0.005060986340002655,0.004487426326993898,0.003522135427959219,0.00022423819321691003,0.02514845977120286,0.010891227355608445,3.9225073590988634e-05,0.001002965482630183,0.004529843165711881,0.003400199837530613,0.07748232713446963,0.0025928882554017633,0.4734914423804059,0.029976793228899158
tar_122,0.00021521050378574359,0.2430400411245968,0.05693652668699628,0.012040359576530556,0.05052449647165674,0.0908270506161495,0.03017061117837493,0.002043663638345016,8.159390643600772e-05,0.004531423332215637,0.0006789539032506618,0.008682886166173968,0.01683969691829982,0.06927191393108421,4.00606416355727e-06,0.0008222470815600366,0.003706966931499726,0.0001310096318923858,0.0038517465912781892,0.1228588492190908,0.001734957965010641,0.2691195797184041,0.011886208843204665
tar_123,0.012058991816523717,0.14632830531051846,0.04078895259143378,0.019415785276953795,0.045771681763596736,0.05446340212753228,0.015071376614253213,0.0013791758807838981,9.896954820156435e-05,0.005032105248561499,0.0014713988736952748,0.0001441333709720134,0.004585980625216167,0.043148922384708216,0.0001263307759603353,0.00013638880848114066,0.0009624462489764766,0.0002709329478599614,0.004404268598377986,0.09717717996698118,0.0001607738502762192,0.4735945356152319,0.033407961754904125
tar_124,0.015329473384375828,0.15075418218376527,0.030258295532046606,0.02062237742593704,0.025514301622110082,0.07441026636159438,0.004667787302385206,0.010941072145900054,0.006569825348764,0.012297832676024231,0.001221156915451934,0.00013127237222217272,0.0035395117795763566,0.042974961778966037,0.0003901434201639662,0.0011251547645273487,0.0006984854531252812,7.828527300300063e-05,0.009140024487128336,0.13323439583305874,5.8634298522202734e-05,0.44036708900646393,0.01567547063488823
tar_125,0.03784261150045978,0.16213594974915774,0.04210020154662019,0.04982881967281033,0.021100243061190807,0.0879107749776583,0.002198161275430567,0.013894742499908677,2.0816238399302884e-05,0.002790961841457945,5.416726805306312e-06,0.0024678528189060025,0.005683342929203695,0.060050443621147954,0.001105923708938216,0.0009896170792661086,0.0008541422041186081,4.9331990228712984e-05,0.0030228446284232676,0.12381968215307591,0.0005063466729221298,0.3618286621630843,0.01979311094078611
tar_126,0.0005082692451962335,0.32188646802636495,0.000436312533318963,0.01892603738335751,0.0878527035718818,0.07839653476189921,0.040328344325706304,0.0007899703995706428,0.0011840776662438441,0.010373553046323406,0.004746029611787264,0.010556302680982912,0.0025367913934869974,0.053457482782131166,3.2123262391001305e-05,1.568025684645437e-05,0.00047006417456131654,0.007824183509982346,0.0009047497704667779,0.17330464914690585,0.010893314351708308,0.15008721783221998,0.02448914026666665
tar_127,0.025895891885426164,0.1448803538772539,0.09091047301267234,0.05329739576129238,0.04732450639052694,0.09595480336055746,0.015578342681217957,4.0814240542092056e-05,0.0017677856904053596,0.013283705167739517,0.004955900110749844,0.0002172393601739035,0.0011613198492914885,0.04810132896161213,0.00010629868765497585,0.0014896433104650774,0.0009214600938319588,0.004162304494428542,0.008532736235936705,0.11734903690848593,0.00303597740284513,0.2922754235881403,0.0287572589287499
tar_128,0.023793546177395885,0.14405852486480583,0.09865753146652749,0.014970995140420017,0.05235749207883915,0.09969000447384456,8.226537974604163e-05,0.00021094381946140997,0.004447294797488017,0.006718586582322221,0.00010939931870273736,0.0044818308797366915,0.0005329088697709373,0.06087169063990058,4.742444922673936e-05,0.0008927363073971405,0.0008736978766961729,0.0001426217020923592,0.003165555207186749,0.11782846802830424,0.00011576217330586576,0.31878895842510824,0.04716176134172082
tar_129,0.01784456730503185,0.14189128580601532,0.0330565771865206,0.01622228089075955,0.04533678842324634,0.09652399114653289,0.00373917654102715,0.0036793511600192287,0.0003468667855966686,0.0010050275927945484,4.988965027418553e-06,0.011322656352192446,0.004798323105415127,0.05467114305818975,0.00016949472212499144,0.0035775152251451524,0.003956874452213111,0.0012780618473416275,0.014344105834357105,0.13655507215952237,0.0020969479724616503,0.38994604681670936,0.017632856651755808
tar_130,0.023528648739469204,0.25220327414752486,0.013927677257587272,0.04359968799207818,0.0460819701970845,0.006587416961278283,0.021885038005925544,0.03244749249280217,0.0007220075290986673,0.03092085431477088,0.0001255993260747306,0.027261543170897195,4.342711241384762e-05,0.032115701689355076,0.003240780151070786,1.1442850955371666e-05,0.007751555272935876,0.016304017166722983,1.1442850955371666e-05,0.2030464013174073,0.012297000252435282,0.03638910712322237,0.189497914077934
tar_131,0.016776711112227366,0.21181920610333468,0.02117769078573296,0.02459166294971958,0.030826881791437152,0.11804785222683911,0.006211863515889782,0.018270461101934223,0.0017567856633014334,0.009974237246204918,0.00011266901636521985,0.0023383493733110136,0.0025105581748425727,0.049057081725892945,3.2888218376704567e-06,0.00026530281149545496,0.003115223274902734,0.0017047571698547738,0.0021951988848274043,0.19749317686690152,0.01310690933113575,0.21419888920976718,0.054445242842244466
tar_132,0.02039370196309687,0.16563228091063964,0.04706427057125002,0.02755116658708419,0.06173963907267384,0.0919707567761692,0.006023542350202693,0.001224785348269032,0.0013440899857980978,0.004139879809732929,0.0032113033850258276,0.0006520887811320037,0.004171072605554307,0.05339625092121054,0.00022862877025082783,0.00014301783300894763,0.0008789693286923733,8.420023270657145e-05,0.004330188200269205,0.10977423650284518,0.006422622481894016,0.35284211567710305,0.03678119190539068
tar_133,0.012096140718047776,0.18294963461312952,0.04997964899780087,0.012840834387245014,0.04749757791667552,0.05850535804680314,0.017012568165080608,0.016014433158952703,0.002650527967139978,0.004130452264439512,0.0023031306443970787,0.001685033943936799,0.004616771943826327,0.0707964971738798,0.0004258791717790418,0.005978029041546986,0.00034621818483021236,0.0006965232946482893,0.0018651482673283936,0.1939891955597768,0.004561915424863811,0.28184374389856925,0.027214737215302594
tar_134,0.007251065547888217,0.10261107025367898,0.02566330730565863,0.0163834056555347,0.04166733126497746,0.0406564965552541,0.0062615552428345956,0.0008492398139941292,0.0020183015395034156,0.006245446199412849,4.0573399274741485e-06,0.00035580762949058913,0.00251303593669199,0.022046768435793312,0.0005652787578545822,0.0002633906568231126,0.0011643745505518438,0.0020639925447038703,0.001540905331129451,0.060609384703254256,0.0009994182272288214,0.6282003761662772,0.030065990341536373
tar_135,0.001032210960692575,0.2580318159638205,0.014355734163021685,0.007818989591864875,0.0434158049762785,0.04856086604339809,0.0182065629793411,0.01522279264852501,0.0022034358843913177,0.000676272119554251,0.00537199329714569,0.0022981082945872206,0.0018501661462379795,0.023348788307835443,0.0007742787672642961,0.0011832729578975874,0.0007558211730297525,0.005810036584085157,2.39347351856038e-06,0.17238615645282956,0.046610426209846983,0.24506883765219514,0.08501523535263868
tar_136,0.0146311185262911,0.13169514651463388,0.029207984941930797,0.023154168688643197,0.054019297157514926,0.05886386733183232,0.02157076928705835,0.0017600837264691237,0.005646394565964525,0.0020255252163384196,0.0008625377900850349,0.0016505743477530786,0.0030265846732543795,0.03687714775147069,0.0006406307223471932,0.001225698486146389,0.0009373321344504881,0.004233960897877858,0.005110088030252695,0.09552345462568529,0.0002698387612506948,0.4649249975338019,0.04214279828894768
tar_137,0.028221676929889666,0.15447659578098827,0.04565874681629676,0.041702673136749066,0.04100311383483398,0.09545138349580883,0.009585568681063921,0.003127190747688048,0.0046400353447099306,0.009373411849137911,0.00022993799167859738,0.0004929065331567921,0.007805299040699939,0.07038793896787783,0.00030119070144018703,0.001834565682053704,0.0009331264850719101,0.0010339648769906707,0.0007236619814060292,0.13752815346542988,0.007174097754011429,0.3069716274342898,0.03134313246872675
tar_138,0.009442719758165836,0.14235345407383082,0.02465777831250296,0.03755984808059252,0.04123223658546712,0.07111745098568661,0.005828990265874738,0.005707652174041366,0.00019146130058074882,0.009048012597688462,0.0012652296038981588,0.003428125681097846,0.007707943543182269,0.04368349954278827,1.98476256436732e-05,0.0019598263881192217,0.001749917477473872,0.0014651756849279067,0.0005600403335182858,0.12941638782392237,4.041874010350823e-06,0.4297456712820107,0.0318546890049758
tar_139,0.008804374890458348,0.18272016404684763,0.08157721393379833,0.02737821098608088,0.05073830017998198,0.08146030528507243,0.008183534829973914,0.013755946980985425,0.0009197747503062323,0.018758299834107383,7.260469613893111e-05,0.0005469770830041458,0.005151586930161573,0.03887924345113246,0.0026160912008274745,2.0180194746466864e-05,0.002362908976559502,0.0007129837711268635,0.0018967722988577416,0.141588995097342,0.0012269079932321876,0.2915104829193232,0.03911813966993499
tar_140,0.006431792711594246,0.3128156431012011,0.006563355283486078,0.015626958069901782,0.07279417571800217,0.052763182869078495,0.07130055287423738,0.0005499987091239297,0.0022218070035487955,0.005604737105672856,0.009375364977831134,0.0334462818059845,0.019751924991126137,0.015422398131592288,0.0009701425292169221,5.191265551211146e-06,0.0004783755723907273,3.1135646844232466e-05,0.0007427799253216603,0.16668505293854013,0.024810173796968146,0.11630305572993739,0.06530591924284875
tar_141,0.061603990917837,0.09705335311068601,0.045002466991593944,0.0666569856968933,0.07257131100609492,0.019419049965845925,0.01369927848185486,0.006507252974192918,0.0004372448854622709,0.014944882244431565,0.01218978212282891,0.003947409577625218,8.70579207409244e-06,0.03619612549774445,0.0019391859732149656,0.022373905048874026,0.00048184256884444026,0.004616576989488777,0.02546334842126143,0.23072291569827774,0.009502515492775218,0.2474440549460273,0.007217815596070695
tar_142,0.00999072329993427,0.15351099469104212,0.05003609465685805,0.02804303187604453,0.04759138992359698,0.06255933671688717,0.009747965450869691,0.0038344940916398675,0.0012701243186182378,0.006235681414137154,0.00034683608266310786,0.0006306198368391926,2.481870601729982e-06,0.06411866317569404,0.00030899473936969675,1.607727028763373e-05,0.0010384925619648898,0.0005230976903631227,0.006588066206486019,0.11753758976975562,1.509579423479347e-05,0.3974265176256405,0.03862763093647169
tar_143,0.0005504947037878996,0.3420149011523461,0.017641756475252804,0.004896880025616008,0.04581060079595834,0.08130909421522231,0.025082353728942974,0.0003748307036990803,0.0026807825677628155,0.002558055507017596,0.002371195657098002,0.0063188289659168746,0.009294581315843159,0.02667671503100759,0.0003335690917880428,0.001184744656560881,0.0021827634738995,0.0006981433826967623,0.0009262553529292489,0.14202707924249008,0.017056310254719643,0.2270367975503915,0.040973266149052855
tar_144,0.02489225086585829,0.18263360029686349,0.14693996570321852,0.025884499435491436,0.02290583004543684,0.07505722229694835,0.00693937498300418,0.0021335099258516363,5.115794895756604e-06,0.017453041190065653,4.060415022563089e-05,0.00032140542966954693,0.008396318477823184,0.03532379844614159,4.536429396841388e-05,0.0037622337961851224,0.001859022556454667,0.0016354125651050458,0.008054889419657395,0.1390638349555968,0.0035849909337698814,0.2716400550671859,0.021427659370582653
tar_145,0.03282748181607569,0.17598829159271798,0.03253332070980454,0.042289202198084325,0.03611483450787876,0.12142615886589095,0.022344673381701805,0.012589606102445111,0.00010773782159032671,0.010830795380849901,0.0006027119548487283,0.0011432195486224827,0.005921916275180967,0.03253782181208457,0.008120902922827581,0.0007300090340293631,1.5084133580743614e-05,0.0001162403005917292,0.004341929764655101,0.10385587472360208,0.0030064394126260623,0.3189146990704612,0.03364104866984999
tar_146,0.0028136255252123707,0.2240546620687431,0.03469299773434277,0.004132750138377064,0.0313320261903326,0.0871890909033644,0.010191384819778434,0.005485237797063789,0.004468259438646409,0.008917836385615921,0.0025937646051322227,0.005328780446098586,0.004283326147312274,0.059758526025930105,0.0002859035557592481,0.009349412653907867,0.0005067084439337141,0.0011418088460010275,0.0007341767441216999,0.14259024289161656,0.00022369755455752083,0.34354551537903616,0.016380265705115922
tar_147,0.01433699774338203,0.09786644413949618,0.028154442280889497,0.04681966786327095,0.0699088425036339,0.07745154759467189,0.01530762283705423,0.0004998626992217713,0.0005391275727826512,0.003311323559296134,0.0009930562091418653,0.004036937924361919,0.0036389753009578195,0.052256616399537645,7.496146473302637e-05,0.0027750361268894033,0.001546109794585907,3.191777053043413e-06,0.003040053884640141,0.08787821976608647,0.0030240183519432955,0.46374007551502405,0.02279686869134637
tar_148,0.03535246636819762,0.08805444544809725,0.01762707461358378,0.0806755472492179,0.1096961316579907,0.0683373391446701,0.015432496882227819,0.014259890476216237,6.786216089199704e-05,0.00014859381055172218,0.0018442467401315848,0.009650283765349824,0.0008734228464600408,0.046910655472712205,0.000270182885239965,0.0001994559249393309,0.001405113786163611,0.0027367059016191572,0.01215402954375191,0.1829073893428399,0.01943776359499242,0.2230296103806833,0.06892929200347143
tar_149,0.0035559999015583187,0.2521327492161428,0.036843242652087715,0.008728470096393008,0.03070961434381182,0.06285171446021894,0.01022369495701343,0.005498639875405695,0.010684521754709879,0.018235630754823363,0.00021729710674506703,0.00551927446151227,0.003341406087920386,0.06375589697996799,1.2562760033656348e-05,0.0026430464401477533,0.0027186002533348247,4.192180696352685e-05,3.0919098235206633e-06,0.17093418307190278,0.0009654243724911413,0.2752219390967046,0.035161077640287336
tar_150,0.009454728807103257,0.10986180112540282,0.02048428296934085,0.02884220371419283,0.04628915768118961,0.0793654615323161,0.01017715729574043,0.003995893437545103,0.0017003489363740809,0.007377486773930258,0.0032667485475945265,0.0016761984261894423,0.004326249286937474,0.04802805410835661,0.0005224051123754344,0.00024183193040911102,0.0008072051115073089,0.000526334088347103,0.003433705793147184,0.11452435662119063,0.005503533014023978,0.46860433135872037,0.030990524328065504
tar_151,0.00025587992582979096,0.27894916189588354,0.04490921956678358,0.011928250390361123,0.04598197373571265,0.08895315736827751,0.03627380735629162,0.00017292224992767135,0.00013451187020086503,0.0011930841282414763,0.0010046350804824296,0.001099013358492663,0.01322560232152049,0.052754063178527856,0.00027340693483748294,0.0004094550944895202,0.004051161497804074,0.0006555747316353744,0.0060993067872639065,0.13184333930127215,0.008601915138403079,0.2600465988561103,0.011183959231650652
tar_152,0.020378415467563818,0.14679128933848706,0.039918170187287765,0.018005067685261427,0.026810576770946157,0.061942149154351124,0.003051346453663239,0.005262752068658337,0.0011080313148707922,0.005851764800081309,0.0006774665262897285,6.537486148941438e-05,0.0031857547625004693,0.050104729294549774,0.0007867863498775284,0.00012196728127803063,0.0007322459100500743,1.9434776797125827e-05,0.004299024315571369,0.09777324526820905,0.00023082981517610259,0.4747805486211749,0.038103028975865406
tar_153,0.028577995990430566,0.1144324790134204,0.005829569574602964,0.05712003629418107,0.07522839360612713,0.0074354248255516005,0.006119871353689544,0.017833977474379755,0.007708309019547441,0.04356237655758542,0.0004466162373953545,0.0012148330823418003,0.005075563678124531,0.07661275282870525,0.00020879929606885337,0.0002653424496700225,0.0008475359705602256,0.001715667637467063,0.004938139323593874,0.14548351278636124,0.0022629924042288415,0.38249431813887697,0.014585492457090218
tar_154,0.04512547676310166,0.17640595991115135,0.021624015749982326,0.039982738376170696,0.02046912830538813,0.07192670215366988,0.0011431794292908698,0.012970056300533989,4.839753497574201e-05,0.0025049149759143116,0.0026731165161703666,0.0004981799097153289,0.005761069232611747,0.0873089433988775,0.0005738318747922041,0.00032401901881854036,0.006077802888212749,0.0002583198164016268,0.00016794659367786688,0.10387896508580981,0.00022377716300462082,0.3776978080272125,0.022355650974516104
tar_155,0.0003652406456901447,0.2836964239430227,8.317573816561067e-05,0.019513199795858523,0.07127976815802153,0.0650616550271063,0.027904531357657275,0.00208337434694469,7.061246431940668e-05,0.023789394735553734,0.008988198817793426,0.013150804872346522,0.0014296831962835267,0.06872056851057437,0.0034886174869182135,0.00032869742189620057,0.0010068692107793363,0.004695088593933464,0.004313341569140917,0.18403878273068333,0.006682773033463026,0.1835027661509513,0.025806432192896522
tar_156,0.024937152137138555,0.15033454763371581,0.08837289313562297,0.052483616894843044,0.048892614038660034,0.0928783625331202,0.02362497547784622,0.0016285538234645234,0.00019646026868304746,0.009481082184169091,8.575444852001698e-06,0.0016593810610520342,0.00349067375775301,0.053606233226924996,0.00043143714049576976,0.00267348782993485,0.0011164559574067757,0.005043661815239792,0.008571719459311292,0.112792762914648,0.0006923285640881897,0.28382829331070625,0.03325473139032342
tar_157,0.01582674253220966,0.15811789563907563,0.10646685357218573,0.010241354809651819,0.05598416127165482,0.08669178407157797,0.0018197704850836703,0.0027354312219568773,0.00841908672793582,0.004790104956919424,0.0005663122391666631,0.002344067878077196,0.0004677526633922578,0.05476198068479398,0.00022976612054592178,0.0005524048468946957,0.0012238502526949004,0.00041045402686789976,0.001618839808735815,0.119513027286705,0.0008710310178222742,0.30685889879800243,0.059488429088049646
tar_158,0.007366513259163598,0.15116484443946057,0.014182740022304722,0.024979364580781684,0.09373121620102101,0.052965769445335306,0.00972380937458219,0.00640807028945501,0.002972499671543852,0.002974796075944405,0.0008616057724234773,0.0019338946943390067,0.002621664414470545,0.059031215614459086,0.000382042375200874,0.0016831898727502571,0.0085691273870168,5.309279404407692e-06,0.017089659696233984,0.14285267380401642,0.0004351787258901785,0.37022080579511546,0.02784400920908731
tar_159,0.04963861073782108,0.19385574389125396,0.0005851544360624572,0.03101545455423726,0.1170292057188514,0.007919183002434068,0.04891547525584356,0.05304250019895932,0.006286042471737301,0.015820734023895593,1.6457351158748264e-05,0.022494020857623826,0.0019084810530114733,0.030453337368898575,0.015086677522594598,0.0011221206122129495,0.0029790068874327043,0.013454263354019383,0.0010918988609713636,0.21717642726064676,0.02945815687939129,0.03883492921373179,0.10181611848721053
tar_160,0.0073035347627351185,0.20505930911599723,0.0034042583540639135,0.034777725167430246,0.04835486823230864,0.08807889372644867,0.02052418152008812,0.012767643684513334,0.00833900596245106,0.019269826471365957,0.0010092408663510378,0.008744542900194172,0.0032528223801835702,0.047075900861685234,0.0005958050101934512,0.0001930665321903422,6.78318315601518e-06,6.998566932484936e-05,0.005875694375354483,0.21040076240072994,0.013123658985957378,0.20653166910219,0.05524082073508705
tar_161,0.020896383979380137,0.16746306833720775,0.048021973480876286,0.025354183447600792,0.053141209718534484,0.07435785497415026,0.005809304667498103,0.0023078436938249376,0.0033361619362187577,0.003975108041246903,0.003681729507208365,0.00011001120170179138,0.004725731564389799,0.05250207564972797,1.7946738548308465e-05,0.000266068245235488,0.000666617989453688,2.6736132235739283e-06,0.0038383892188199042,0.12033256708774653,0.003901994684263081,0.36469344303474577,0.04059765918839725
tar_162,0.0037272232013132183,0.19875401408446872,0.03253357886575258,0.01146970579194998,0.05088945031554208,0.05007381998771871,0.014655145715814473,0.02222093367283935,0.00917369736348196,0.004117397669265954,0.003750059874030472,0.005436992325651263,0.0023096449220347693,0.05545731351907701,0.0003347657133515951,0.0034907275153927787,8.318812753015318e-05,4.806472475642022e-05,0.0010357259613226865,0.19247459930744754,0.0011739930605368957,0.2953139768017043,0.04147598147901725
tar_163,0.003801809494400366,0.0818656526429832,0.02788088505200489,0.013440474804590617,0.033240321516720454,0.03540541878153262,0.004564001544200464,0.0012300418181786046,0.002819974070875273,0.0022514513947059487,0.0008987017270941165,0.000723817448900243,0.0007915794435510747,0.029285660659250274,0.0006829580177100602,3.210950961560567e-05,0.0005059005724072688,1.4370186020777628e-06,0.0005438368052889759,0.053980697146263176,0.0011932180290032625,0.6843972541273418,0.02046279837477964
tar_164,2.9370434711876175e-05,0.24122040735733266,0.021870167589442557,0.008362625889592235,0.03959857281107778,0.05846014482938146,0.014555560424027657,0.009615404529815543,0.0034625256933263006,0.0020460085463465346,0.005995457648304917,0.0037269897737468895,0.0008968501974060056,0.025079367187807684,0.0014495898686277282,0.0013330082890594087,0.0003627561491994806,0.006749705339215446,0.001976476390685028,0.16954875285237803,0.04221254634139667,0.2688486345723779,0.07259907728474027
tar_165,0.01801124730923692,0.15519866408252478,0.03225328219134285,0.021021770536861547,0.03745361802856498,0.06778319318706374,0.012628537831369536,0.004355217269199283,0.0006421642473344625,0.00489089876669807,0.004477810487606461,0.0009797048325038218,0.0038145904575147345,0.0511282888063462,1.5144707371809371e-05,0.002474321323859667,0.0008401082452765755,8.18031039923162e-06,0.001121473705216914,0.10456385351716381,0.0032466187167466544,0.4325457850256241,0.04054552641417399
tar_166,0.02153011726218645,0.17943259760591992,0.03844365536103827,0.034467560070819886,0.037561092989122774,0.08579960384561527,0.010041932276903823,0.0048194237092855415,0.0030467475173362804,0.01184031687286874,0.00018529796263160947,0.0039308915341562676,0.008967520597960469,0.06503739148149482,0.0007205083460655348,0.00011169289365711914,0.0006705623320048146,0.0004247392807196655,0.0004901377888411834,0.13756665760984751,0.004977238974684641,0.3185788725840605,0.03135544110277893
tar_167,0.006948674426199941,0.1634959539168471,0.023836496951707184,0.022454429603804678,0.043015159960795656,0.038789843168999985,0.009825677104162933,0.01499227128755823,0.0012580669487830764,0.016657951915102234,0.00036457930951896815,0.0009593055480974296,0.007153158330073048,0.053203537217857574,0.007167953842824238,0.0006439242115891733,0.0026206137825411993,0.0012359510410032695,0.0012589308982411834,0.11972296317232049,0.0005963667444706525,0.43733569347463574,0.026462497142866002
tar_168,0.0074048410383902525,0.20515762592441553,0.05779370066686261,0.016473210504829312,0.04861494679076041,0.0644622541231856,0.004459344864452123,0.014041499863113987,0.001679225451104581,0.019517978199458004,8.723630579559278e-05,0.0035167068013525144,0.0028950262591352924,0.05642326051717587,0.004596237389715208,0.00015564090375280663,0.003115141752645514,0.00029608241760073413,0.002023024679268948,0.15417149136975375,0.0021800156312708954,0.282545197083474,0.04839031146248652
tar_169,0.0058853227043502345,0.2968863902027632,0.00617367133423812,0.02058831680429042,0.06057375001775601,0.043213114515612626,0.06804100040734169,0.001516713119659929,0.0015719620327944853,0.005387224157363372,0.007026929744226117,0.02345040960121004,0.010523118204933192,0.028046352393295913,0.0028058923323887614,7.549684632719803e-05,0.0008972240652687461,0.00019511699698184664,0.003657897248993407,0.15630780819626636,0.017671784390270114,0.19322436977037777,0.046280134913290506
tar_170,0.12096313981183379,0.06633664401771132,0.029475365804643338,0.05256103098091104,0.061998008864821964,0.02337289226119536,0.0009319031493062551,0.006507320031159481,0.016727442064518063,0.020225588091115087,0.015266220398257422,0.0015575189621815286,0.004657711077311725,0.07872990305972959,0.001074989598652215,0.006560537995632898,0.003456910145001179,0.014755593223371303,0.009463672591216724,0.24166288684612727,0.011921702536726845,0.20427154716399618,0.0075214713245792125
tar_171,0.007172774796630239,0.171950291792738,0.021966229045330028,0.01963593028595796,0.052017959198970704,0.033063370298270604,0.014072340192995228,0.009702122248117725,0.003954810252497617,0.0015920399763392748,0.0044749031224761366,0.0019769096624495395,0.003701795147340131,0.06362262536400418,2.7804671719177758e-06,3.955882690840205e-05,0.002633701816817344,0.00012339440092335892,0.005237973238340429,0.11168748544814561,3.8068049405555434e-05,0.44377156210039964,0.02756137426777032
tar_172,2.20726740086165e-06,0.32842372850323426,0.016299664710125488,0.005315421386158376,0.04604732193042119,0.07758916190244917,0.021279394967520186,0.003137980743713349,0.001363851335027707,0.0070993060550539515,0.0004726225498770992,0.008749787509877257,0.0068379214166738875,0.023530654667663714,2.20726740086165e-06,4.813142271010476e-05,0.002049335856328907,0.0013146310364294737,0.002022050675877054,0.14061425537095493,0.01153446771540499,0.24815717317488603,0.04810872253481087
tar_173,0.023491394814485807,0.20312808626809095,0.13979216011022103,0.024648324580400217,0.030554715935530493,0.057329066954639796,0.008394437102375337,0.003645081964972264,0.0027988623516375225,0.01622085878360379,0.00024322273661271884,0.0011439540715156458,0.012858252130562938,0.03591597464519506,0.00043422213554294867,0.0015318653132641148,0.002105503984388201,0.00045536821767351175,0.007745743164517528,0.1258171009290018,0.002100704074521285,0.269391279164943,0.030253820566304036
tar_174,0.023384398722651176,0.20695406887000592,0.022707505084042966,0.041620181441275814,0.03146711665282608,0.09128942742203977,0.022535647453251338,0.007792787679805775,0.000808464614604635,0.02025096383593899,0.0018882493268111995,0.0068538427938589315,0.013048107612677745,0.024260099727955533,0.000990593208529904,1.1161449919507948e-05,0.0002461464344958119,0.0002599324166048663,0.0017748293775158945,0.10710662756701057,0.00033683667238162415,0.345443130907667,0.028969880728129047
tar_175,0.009138308171106462,0.2292171729068079,0.03902207281621707,0.004794305117064821,0.03750027801117917,0.08414134147158,0.011893067989231475,0.004549206741051848,0.006616691806003211,0.009855367094421906,0.003695733725845039,0.003621435521694407,0.0050209250623002265,0.0434306893648644,0.0005204708154854659,0.006623014428958255,0.00012932824775884773,0.0013372238880701081,0.0003167667422858894,0.15673198702029545,0.00018624926060666555,0.31963746611440397,0.022020897682767628
tar_176,0.030118556076882495,0.116056058961206,0.016700962158799463,0.04577101442493475,0.058470502181836026,0.04157121435447123,0.0046389945184674135,0.009934748136618666,3.844727500497534e-06,0.008399536253044312,0.0013898211842994172,0.002660816451320711,0.015109962762445264,0.07090852732167213,0.0012181738175404138,0.0004553387155279767,0.0036659897098280923,0.0020388128223820415,0.0004048474661216975,0.09050984829485195,0.0072436664275592425,0.4484310366845407,0.024297726548149587
tar_177,0.009649971256740789,0.10084334659404907,0.03183922199759649,0.04569625524173566,0.08951355812042831,0.05128116665540948,0.031235244959275116,0.011384773704192299,0.026028007956850657,0.00013143642258548653,9.821528875292601e-06,0.005785695331260464,0.006617040132432462,0.029741608594057084,9.705121487839046e-06,0.002898515595791847,0.002826919005649242,0.0016159676541680071,0.00509738252842348,0.17671736155701637,0.0002518900493404051,0.31357215888573653,0.05725295110689769
tar_178,3.731821287664705e-06,0.2802017749907609,0.016919475026219214,0.0065551043938637706,0.0454361395326074,0.05038777972906131,0.019634245074983965,0.00297639402010669,0.010344951137827473,0.012525054995044535,0.0018835622395179292,0.0038832294152164205,0.003993174488680203,0.05635046908517833,0.00012466805487400937,0.006392642136614579,0.003033270748333149,2.6084341754890695e-06,3.603541039905125e-05,0.16373035097438013,0.0013376002445026234,0.25470186594394606,0.05954587210241914
tar_179,0.0025439835158256683,0.1360536303371898,0.0036958842311307673,0.037078550843365726,0.04409641489882581,0.029322645230181424,0.02039545610471872,0.016414760938470732,0.008302598803248273,0.005166061834829907,0.010076380940488912,0.0016702137146771476,0.0037833333676676128,0.06077830245510019,1.213075117252933e-05,1.321327449210617e-05,4.3142648617334745e-06,0.00036650901910642244,0.002715742278678766,0.132591237910886,0.002865028865302243,0.4436191661329213,0.03843444028685819
tar_180,0.007085999766326447,0.2611587833145547,0.015213791930763113,0.01750389516309263,0.07360886372745162,0.03617749812267694,0.08985029881219679,0.008879136422496745,0.0032370428149649418,0.008323275846560733,0.014832701710746207,0.012001159133011193,0.0001459274206495663,0.016094807915869078,0.00828819603948728,0.003443744609291684,0.010101506674959664,0.0002770013432572686,0.0011510861401887794,0.12896164306259958,0.010594498838350796,0.21556655538657,0.05750258580393424
tar_181,0.005533309670632966,0.11452191996582745,0.006997182964585522,0.08438783904364122,0.029163258915639555,0.049471605515579886,0.005348747063707214,0.01699738974118415,0.01897893976413675,0.0165032811067236,0.021966728409674962,0.00721082942472519,0.012568664058694867,0.02296681601629748,0.003832255566510493,0.000488246051956145,0.0009551918318374164,0.004313451651946825,0.009482062680411431,0.26266913284132326,0.018482782817099783,0.14457036297811768,0.1425900019197462
tar_182,0.0002751419294141322,0.2565472944529718,0.012169561498219234,0.0016849993942105812,0.053865606915088904,0.06872328468139915,0.03199324508367339,0.0030760105656227063,0.0025953090071556078,0.008134561081350463,0.002046701956053388,0.006336876568373158,0.00854617715573421,0.030009534135673664,0.0003730647167632276,0.00927390366594737,1.1742771570299304e-05,0.0008961650108270844,8.340630695974124e-05,0.14841346245419093,0.009273084925676498,0.3191790523280856,0.02649181339503883
tar_183,0.005183999757138895,0.30619498371643816,0.0031963517461575403,0.03306222199055867,0.0807897474376385,0.04987140329492025,0.07375672773803534,0.011602138808014502,0.0009256213225908419,0.004232067340844252,0.002795453419358563,0.008855021130694331,0.0073654818822024085,0.030881151558155316,0.002809560329226059,0.00035571520059447,8.906765765573462e-05,0.0009023114441166355,0.004209136759756485,0.17162949199604963,0.0054620194951389206,0.12993057900657934,0.06589974696813507
tar_184,0.009007445952782493,0.1746734596816691,0.0027016167839279985,0.07910556539075395,0.07506180104749927,0.0493020677338169,0.05120333306503281,0.018641931536542682,0.00023093839972236505,0.010876113774159781,0.00020672480192697665,0.0031723843286980235,0.006059127417898229,0.15077928164449467,0.00022148250011123493,0.0006783396769775836,0.013288233914199117,0.00010796971882168898,0.00033843080244928895,0.15230957159308686,0.00029975747067899344,0.15286461132000984,0.0488698114447403
tar_185,0.001045829832024109,0.3302944465466024,0.00013152714691498608,0.08736254864881796,0.06735463017543017,0.02436710626734852,0.07320445841337311,0.006838460455633508,0.0033873710554440445,0.000913967748843604,0.0006321221023343932,0.0005889961186592035,0.0015750671883040955,0.03912280957228409,0.014863789874858542,0.01575366310125148,0.0012174280536298404,0.0003512131215087196,0.0017027141919582615,0.19313749430429183,0.004110651656885966,0.11400879854714437,0.0180349058764568
tar_186,0.02847193427863992,0.19634634259196002,0.01044365296618554,0.08272964164036575,0.1125273068219033,0.028952300226311765,0.004130679817318473,0.012768881763506906,0.014257276869411556,0.012397737104415687,0.016501405744305354,0.005417329226122664,0.009442197799106575,0.01725255053529136,0.0028791515070623725,0.019893898185783562,0.0007176441918491841,0.0032406606941322038,3.9349843365099564e-05,0.31931423572647794,0.013869193270548506,0.08311066548156287,0.0052959637143733754
tar_188,0.016487402952221356,0.12732407764926842,0.004968248009740884,0.03352723053030792,0.11217620389509063,0.08482379233012952,0.011741879502231023,0.006089145215420337,0.03193807715627052,0.03604511210729718,0.007868984711573096,0.06237764732749939,0.004502789175943814,0.008227159429330567,0.0013730391412897257,0.022696729928718497,0.0003422400264972562,0.08004937448832335,0.04001803606361572,0.1270903279703677,0.006621178000433122,0.12305256149190878,0.050658762896521235
tar_190,0.021355784817575652,0.33566236588987086,0.0003107274741912182,0.052980088189601184,0.02835569552379443,0.04537238329942641,0.06850196748238965,8.570532305487767e-05,0.0005113266837295479,0.0009664958603915052,0.00446151148834355,0.012965095944871595,0.0036739486744266085,0.04134727526710816,0.00013847632710818118,0.002213644424464906,0.0017165815941983281,0.00035378707924723664,0.004652933095184827,0.1672812101442604,0.033262423448053795,0.11028340695183225,0.06354716501687484
tar_0,0.011310885941027686,0.23670126217126733,0.07303710783229671,0.02416764088045329,0.05501139867873996,0.08539342022219353,0.0036327039686608006,0.000874668975121939,0.0021187948721394807,0.0030359177941556297,0.015131708561190563,0.008670207626444354,0.003272093555663103,0.04753323830944005,0.00881342845617776,6.317298989628327e-05,0.0045007244668043775,0.014936047815097364,0.013020608695271262,0.17522179735866986,0.0023634651434905267,0.15791305561608354,0.05327665006971468
tar_1,0.0005913669515609091,0.2340151851582069,0.010506011615221562,0.05005869870938628,0.09462409627421285,0.0389399274346908,0.02653095374540371,0.0033775872564294545,0.022810586850982938,0.002545095172263538,0.017420667098506735,0.018639526369221397,0.014614962434100794,0.009150674901107565,0.0006650216318290821,0.0012596385512869718,0.01904955687191644,0.010813570735936237,0.04386701060366601,0.22656994561813823,0.005160129777624771,0.10927820917779889,0.039511577060507945
tar_2,0.032663045486009394,0.16008023323818912,0.07674298775075301,0.04921256431119893,0.046784052846101695,0.12489154678434154,0.0028079276690948134,0.004144015534572549,0.007705481507428625,0.021335752582130243,0.000994290813463269,0.004802940147214075,0.007770882351330039,0.02511014986854991,0.002082788253284676,0.00547210624377271,0.007963204459744563,0.002344333960497893,0.008093951466957076,0.13706018220589924,0.002793214245762639,0.2091067141662313,0.060037634107472655
tar_3,0.02397953070519222,0.20264276918318688,0.07039592557927102,0.03721344092717324,0.03944615087841272,0.05409126930244313,0.013356136951074241,0.0069491994657273366,0.011345684706335795,0.03235418240269779,0.0008073901258216191,0.000935905558492513,0.0018076011540996463,0.022868927415945605,0.001381647302348554,0.003481447644356801,0.00064893999016417,0.002930776144931521,0.003911609796682889,0.13732034268734186,0.0045914271993789425,0.2683685272648545,0.05917116761406689
tar_4,0.012419688803028099,0.15211292372386953,0.07302378018752684,0.057289200000850325,0.061846741213990516,0.06816352187288287,0.00392245387815724,0.004834673629669967,0.01024775360024398,0.009372154420314825,0.00011976497192394167,0.0018569174513698489,0.004012216047256058,0.02637343447489324,0.0023173206728193344,0.0019803218947956783,0.012679923978518373,0.0026083198679863395,0.0022736937796859202,0.12050224229316114,0.011179684814076787,0.29667726750903556,0.06418600091394376
tar_5,0.017606731130088777,0.14507999617866568,0.08259105468589252,0.03761823157671182,0.062127771418487694,0.14314223803402262,0.0034788113630677877,0.004738436770147438,0.0012556042386560912,0.0116955463801061,0.003890937119061791,0.004766634820144925,0.005334955242770141,0.02669728616442101,0.003207991929490031,0.016627273582425058,0.0007995287607815976,0.0036108517555561064,0.016888050927658247,0.15553189687285304,0.004572382658523545,0.19553657536963195,0.05320121302083609
tar_6,0.030404068507813766,0.1569415507241193,0.05715879635957635,0.06188288291830949,0.07764770766337649,0.0774203383762945,3.0406016170585826e-05,0.004418032250185855,0.023323165539754914,0.03585354626973282,0.0017947413875687092,0.004833343714220098,0.001453864514384737,0.029907181188237396,0.0022235214641666483,0.0003818138345854818,0.0004814939165141941,0.0021744639858324233,0.004456403180175453,0.09403115209076639,0.002777879263381324,0.2653042092343987,0.06509943760043443
tar_71,0.046976601804626775,0.14932761752003212,0.018537706474611573,0.045275954351026174,0.06887519243014426,0.02693076015484329,0.008925183788530864,0.02744634779698878,0.013856419293931539,0.015876567122020943,0.020018831639402605,0.0016999375115246008,0.011685395824649301,0.016020015899052054,0.005466838145039127,0.013608679152080928,0.009320009433528604,0.017287952948021344,0.005519612702946356,0.16601603760033556,0.02727402367180739,0.22246359199608132,0.06159072273877448
tar_72,0.01583487417925988,0.27195726385040075,0.05904699313701929,0.020473258478050902,0.05036890887418352,0.047100028467088974,0.03633249301286266,0.006281825482627474,0.002039624240157947,0.007464190444642315,0.004645899092522905,0.016150798687083523,0.006927425210366516,0.04670599154304603,0.005723192958249513,0.00161464201712464,0.008255060870821129,0.00728102602976133,0.013913741714547305,0.16014274795410252,0.005016347106674564,0.15783246497230713,0.04889120167709901
tar_73,0.016705211138341634,0.19087640004001288,0.016111641602098794,0.03401290633080437,0.08261126616812334,0.0786000740574359,0.005108855723090134,0.00950801411004527,0.009682504953195874,0.005850128659010612,0.0018438605149614438,0.012276355305832097,0.006759459875453614,0.024429657762967134,0.008222494060612453,0.008384875381251218,0.015899372358225257,0.00875495352298308,0.020486219616592104,0.12492890943554805,0.009006590164692957,0.2550472120894145,0.054893037129307314
tar_74,0.027643815783140534,0.18136634743379915,0.020537525482666106,0.05656866786121476,0.07064059954448434,0.04949801983575243,0.0089752117225264,0.02028912762617734,0.0022543068101874915,0.0033949522686353836,9.611152030095376e-05,0.005607732608247568,0.0038389544949523507,0.04233057909293408,0.002168868847409941,0.002558468890701275,0.0010975300543565644,0.0039253343459770785,0.007129220714609133,0.13934847922198845,0.007282310964159174,0.308493711823878,0.034954123051901466
tar_75,0.02651207726051957,0.14626358537079934,0.029108839011949345,0.04259549926080012,0.07458049783831253,0.057782632557142305,0.006949077466876408,0.015078807457252978,0.0069051414013955965,0.015888689423018264,0.00253533638012457,0.0042545237999853545,0.007531934852203935,0.05029814882242221,0.003323309869814327,0.005033251994386648,0.011391017753625932,0.011339680281007881,0.017603225751016326,0.16177028612009028,0.002332434218576631,0.2669066065304869,0.03401539657819271
tar_76,0.020107349102608713,0.14309427006300596,0.06185279553428278,0.04930007994225501,0.06541526811486567,0.07505600393463523,0.005444893039281481,0.003796951005095793,0.005995007378585179,0.01151166882780749,0.0072468550213611845,0.004675047451659328,0.00544745275833119,0.045703393064135976,0.004181802179956955,0.0021915142604453045,0.002374459112015435,0.0015115850020250051,0.009676045686256941,0.1486919476177144,0.011445953431548783,0.2634458361211915,0.051833821350934686
tar_77,0.02520530413772258,0.14584659791960283,0.08701557103152986,0.043627283891128084,0.0631027835135551,0.07521170760052547,0.006130105019884568,0.0025700737130208806,0.006793087278796682,0.019814869738078514,0.0006365922752627756,0.004692640011419662,0.003157602806221233,0.04911804424798131,0.0016404663316857183,0.0023517117691205184,0.0037846318927297895,0.0023242051113775823,0.007048115085829018,0.13084029854078277,0.010002549529974225,0.26667761098740683,0.04240814756636419
tar_78,0.022715920718468015,0.13896434954169132,0.06749017954330098,0.04530331198285588,0.06786882230783009,0.08156965351213785,0.006812357275165474,0.003766444462073429,0.005156256110038515,0.013041117708417678,0.0019427721072090836,0.002588070441717608,0.0017074415665274808,0.050072586788906845,0.0015746037508637474,0.0023338924925003167,0.0048067105263483335,0.0020734578015591,0.0056119288594989655,0.14021566751260828,0.004259147001389865,0.27828524168818203,0.051840066300709094
tar_79,0.02009959053879355,0.1548674200132024,0.06336414681869183,0.038711063043572705,0.05771730831432974,0.07450285540519233,0.008490669646057472,0.002264098854110421,0.013480284694189278,0.012051901811132304,0.0023054802297529124,0.0022085723376883697,0.003699980156106152,0.043040727564376255,0.003912802204996628,0.001743762030532393,0.003932975879646892,0.002336197448048696,0.005227580839856614,0.14431827305553727,0.011807563479125966,0.27367630257122433,0.0562404430638356
tar_80,0.0004153066554082456,0.06698934915417956,0.0034493478234193116,0.0044828029184406796,0.01663554501177133,0.011830547495395088,0.01118353098627578,0.0029502065653227998,0.0021968228723643077,0.004011500624454914,0.0021338226652081477,0.0058709159783514675,0.0018150763876527707,0.0033399516342313366,0.0008108633549329819,0.0010138107554096749,0.0013094132686350185,0.0011423597248119565,0.009589881456620283,0.06040040116073194,0.005595707735055982,0.04015757534563179,0.7426752604256946
tar_81,0.027353718293660453,0.11953254845260981,0.006882865300632893,0.06855037808764981,0.0775211017724113,0.009269472928540586,0.019691527491788513,0.009061053488619407,0.004780453901260685,0.04862739341394363,0.004596201644282213,0.014192810518436412,0.00701039605667784,0.012928468752062102,0.00663141321185805,0.013961241993715264,0.020677525036285196,0.006678729178052923,0.028678353568838404,0.18118011363273318,0.011848914962658524,0.09350498808157635,0.2068403302317064
tar_82,0.05670128401201401,0.17083745381453552,0.07216740758479356,0.03499410893578406,0.06272857233268014,0.06533608456119352,0.006183608316215932,0.007656410219429478,0.002775980250300695,0.006101873049817862,0.00207722807759256,0.004599094920700277,0.003065910315463111,0.031079792079121704,0.0023968537149791917,0.004355997736176431,0.0026239640569703806,0.0030425109319325546,0.016774089534413957,0.16165953708788275,0.015742199173628384,0.25321008356622704,0.013889955728146677
tar_83,0.024264536943366655,0.16493566049570543,0.03741423888449024,0.03636926585471376,0.08252659204733787,0.08076525870652902,0.002302116838945406,0.005976835601238765,0.0028502913305407185,0.00467770826938894,0.005620303630411411,0.00942450968081407,0.005279742824108582,0.0358567073980425,0.006174935821286593,0.005452515895679757,0.0007404444445283937,0.002874692200399582,0.014327459518513164,0.17308469097022733,0.021811513099860246,0.24969191969639482,0.02757805984747655
tar_84,0.01444088077962339,0.3153643830173325,0.005585507713628501,0.01945215541607518,0.09621235839102732,0.030568392938764108,0.020217442521417304,0.006493849933647705,0.0033268381721386626,0.006721534024919512,0.0005939966804831472,0.0029298450103845955,0.0056210236760396845,0.012816705557623173,0.0018118241582608147,0.009235784809300792,0.007734475166965068,0.007237399533721448,0.006481341450224039,0.19980841166393565,0.0133326645160718,0.04257196869299943,0.1714412161754163
tar_85,0.01547169370122206,0.325603953999744,0.0062241407744816546,0.027283831356762975,0.11407808966521535,0.026841771508104347,0.0427966964399184,0.0006231237379533948,0.0009244723207488695,0.006393093013032781,0.005200251791132222,0.01151443097644398,0.016022505948167367,0.009552740675259352,0.008287296682669228,0.003248118167726235,0.005775210617507761,0.0054048996097630425,0.0077413496497200866,0.19573596668595195,0.017623434412979512,0.027959614714789874,0.11969331355070552
tar_86,0.0014728154074097242,0.2511364076237106,0.05206420497984851,0.026814912020911838,0.07809356284937355,0.0838978143195661,0.03421354146927803,0.0001443208071665834,0.015236721996676774,0.0008711054764404051,0.006926591245610502,0.006213437430866188,0.013866195139342407,0.04460838914641345,0.0024593898040167084,0.0036307430884387143,0.011204533325245162,0.0047323327295160185,0.01655085319731802,0.1310773975037029,0.0018996953256637241,0.14527087208171355,0.06761416303177072
tar_87,0.018020521697974114,0.1974210724573081,0.02866115572797599,0.031850192214377814,0.1241146407577492,0.044444862164307666,0.01335939280343517,0.014602721333718609,0.011992114029141082,0.015090434046908754,0.010894148314327988,0.00388575174456054,0.005501707720971807,0.01816603930928281,0.0069769883698808394,0.019724580611635806,0.01408031805061066,0.02643217603065788,0.04145699253783713,0.2232978549154635,0.008710600878744037,0.06947486173624709,0.051840872546883306
tar_88,0.01680062862840809,0.34826460225151323,0.007493273360933876,0.02450711794801195,0.0862348718388751,0.0756732781012872,0.0383255723480383,0.0023662433623008773,0.002787272817370989,0.015690636758061302,0.006579759119074362,0.014017274605154699,0.005037217570530472,0.01986007888234783,0.007053013267333941,0.0018264393515504546,0.004663861929165538,0.01145854118529521,0.000416570628115027,0.1851617916307717,0.02057511012232294,0.06365215672448137,0.04155468756905542
tar_89,0.03223835246438569,0.207100340749935,0.051562444325518236,0.024249188145642225,0.03766179741539899,0.0997060194324081,0.002352768772053647,0.00623649993827803,0.01210608741628257,0.018695064070012556,0.019824812182387592,0.011379199352391426,0.0015554537698494525,0.013345762409577593,0.002497596904904243,0.007743346253478646,0.004894127865360088,0.012090115424414901,0.01177578505259472,0.16506045148102347,0.010155245226911913,0.1750542780790312,0.07271526326815961
tar_90,0.01913622042037005,0.18202592627775388,0.01710432169768261,0.03202229262362211,0.07730751500407804,0.05796354012033842,0.003056151485531498,0.027947172881169918,0.017232974213004456,0.002850732667832877,0.0007369839562151178,0.0064626691411140075,0.0026917106958487553,0.04787797304712214,0.005008226413475131,0.006058553881986583,0.0025902432054939945,0.0021745954021984352,0.006969199673591734,0.13367514754247922,0.0077111648047023,0.26819679325408624,0.0731998915903024
tar_91,0.007467639045023983,0.35682254085416654,0.004464765870610234,0.01797265127107826,0.09895191801290014,0.033964417621087976,0.03503006548652554,0.003901019569802697,0.0013649913713095257,0.008916665089258098,0.001554432139743244,0.005475631040226629,0.006350934883517061,0.009123204375781497,0.0032518998672752585,0.019531260820101162,0.002069589292331046,0.008977108049602887,0.003441029029196436,0.1928739318961426,0.01968134946422383,0.0756220277576778,0.0831909271924175
